<?xml version="1.0" encoding="UTF-8"?>
<project-private xmlns="http://www.netbeans.org/ns/project-private/1">
    <editor-bookmarks xmlns="http://www.netbeans.org/ns/editor-bookmarks/2" lastBookmarkId="0"/>
    <open-files xmlns="http://www.netbeans.org/ns/projectui-open-files/2">
        <group>
            <file>file:/E:/SEMESTER%204/LITERASI%20TEKNOLOGI/Nebula_Cash/src/petugas/PetugasRiwayatTransaksi.java</file>
            <file>file:/E:/SEMESTER%204/LITERASI%20TEKNOLOGI/Nebula_Cash/src/petugas/PilihBarang.java</file>
            <file>file:/E:/SEMESTER%204/LITERASI%20TEKNOLOGI/Nebula_Cash/src/petugas/PetugasTransaksi.java</file>
            <file>file:/E:/SEMESTER%204/LITERASI%20TEKNOLOGI/Nebula_Cash/src/petugas/PetugasDashboard.java</file>
        </group>
    </open-files>
</project-private>
